"address","phone"
"30 argyle street-Glasgow-G38YJ","01416598231"
"30 argyle street-Glasgow-G38YJ","01416598231"
"30 argyle street-Glasgow-G38YJ","01416598231"
"30 argyle street-Glasgow-G38YJ",""
"30 argyle street-Glasgow-G38YJ",""
"30 argyle street-Glasgow-G38YJ",""
"15 Barr street-Glasgow-G207LR","01292477619"
"15 Barr street-Glasgow-G207LR","01292477619"
"15 Barr street-Glasgow-G207LR","01292477619"
"15 Barr street-Glasgow-G207LR","01415647236"
"15 Barr street-Glasgow-G207LR","01415647236"
"15 Barr street-Glasgow-G207LR","01415647236"
"15 Barr street-Glasgow-G207LR",""
"15 Barr street-Glasgow-G207LR",""
"15 Barr street-Glasgow-G207LR",""
"15 Barr street-Glasgow-G207LR","01415647236"
"15 Barr street-Glasgow-G207LR","01415647236"
"15 Barr street-Glasgow-G207LR","01415647236"
"15 Barr street-Glasgow-G207LR",""
"15 Barr street-Glasgow-G207LR",""
"15 Barr street-Glasgow-G207LR",""
"15 Barr street-Glasgow-G207LR","01416598231"
"15 Barr street-Glasgow-G207LR","01416598231"
"15 Barr street-Glasgow-G207LR","01416598231"
"Sauchiehall street-Glasgow G21JF","01416598231"
"Sauchiehall street-Glasgow G21JF","01416598231"
"Sauchiehall street-Glasgow G21JF","01416598231"
"Sauchiehall street-Glasgow G21JF","01412269959"
"Sauchiehall street-Glasgow G21JF","01412269959"
"Sauchiehall street-Glasgow G21JF","01412269959"
"Sauchiehall street-Glasgow G21JF",""
"Sauchiehall street-Glasgow G21JF",""
"Sauchiehall street-Glasgow G21JF",""
"Sauchiehall street-Glasgow G21JF","01236449901"
"Sauchiehall street-Glasgow G21JF","01236449901"
"Sauchiehall street-Glasgow G21JF","01236449901"
"Sauchiehall street-Glasgow G21JF","01416391190"
"Sauchiehall street-Glasgow G21JF","01416391190"
"Sauchiehall street-Glasgow G21JF","01416391190"
"Renfrew street-Glasgow G41FD","01236449901"
"Renfrew street-Glasgow G41FD","01236449901"
"Renfrew street-Glasgow G41FD","01236449901"
"Renfrew street-Glasgow G41FD",""
"Renfrew street-Glasgow G41FD",""
"Renfrew street-Glasgow G41FD",""
"Renfrew street-Glasgow G41FD","01236449901"
"Renfrew street-Glasgow G41FD","01236449901"
"Renfrew street-Glasgow G41FD","01236449901"
"Renfrew street-Glasgow G41FD","01292477619"
"Renfrew street-Glasgow G41FD","01292477619"
"Renfrew street-Glasgow G41FD","01292477619"
"Renfrew street-Glasgow G41FD",""
"Renfrew street-Glasgow G41FD",""
"Renfrew street-Glasgow G41FD",""
"Renfrew street-Glasgow G41FD","01236449901"
"Renfrew street-Glasgow G41FD","01236449901"
"Renfrew street-Glasgow G41FD","01236449901"
"Renfrew street-Glasgow G41FD","01236449901"
"Renfrew street-Glasgow G41FD","01236449901"
"Renfrew street-Glasgow G41FD","01236449901"
"5 city center street- Edinburgh E675R",""
"5 city center street- Edinburgh E675R",""
"5 city center street- Edinburgh E675R",""
"5 city center street- Edinburgh E675R",""
"5 city center street- Edinburgh E675R",""
"5 city center street- Edinburgh E675R",""
"5 city center street- Edinburgh E675R","01416391190"
"5 city center street- Edinburgh E675R","01416391190"
"5 city center street- Edinburgh E675R","01416391190"
"5 city center street- Edinburgh E675R",""
"5 city center street- Edinburgh E675R",""
"5 city center street- Edinburgh E675R",""
"Renfrew street-Glasgow G41FD","01415549008"
"Renfrew street-Glasgow G41FD","01415549008"
"Renfrew street-Glasgow G41FD","01415549008"
"Renfrew street-Glasgow G41FD","01412269959"
"Renfrew street-Glasgow G41FD","01412269959"
"Renfrew street-Glasgow G41FD","01412269959"
"Renfrew street-Glasgow G41FD",""
"Renfrew street-Glasgow G41FD",""
"Renfrew street-Glasgow G41FD",""
"The castle bussnise park-Stirling-FK9 4TR","01292477619"
"The castle bussnise park-Stirling-FK9 4TR","01292477619"
"The castle bussnise park-Stirling-FK9 4TR","01292477619"
"The castle bussnise park-Stirling-FK9 4TR","01292477619"
"The castle bussnise park-Stirling-FK9 4TR","01292477619"
"The castle bussnise park-Stirling-FK9 4TR","01292477619"
"The castle bussnise park-Stirling-FK9 4TR","01412269959"
"The castle bussnise park-Stirling-FK9 4TR","01412269959"
"The castle bussnise park-Stirling-FK9 4TR","01412269959"
"The castle bussnise park-Stirling-FK9 4TR","01416598231"
"The castle bussnise park-Stirling-FK9 4TR","01416598231"
"The castle bussnise park-Stirling-FK9 4TR","01416598231"
"104 Bellgrove street-Glasgow-G31 1AA","01236449901"
"104 Bellgrove street-Glasgow-G31 1AA","01236449901"
"104 Bellgrove street-Glasgow-G31 1AA","01236449901"
"104 Bellgrove street-Glasgow-G31 1AA","01292477619"
"104 Bellgrove street-Glasgow-G31 1AA","01292477619"
"104 Bellgrove street-Glasgow-G31 1AA","01292477619"
"104 Bellgrove street-Glasgow-G31 1AA",""
"104 Bellgrove street-Glasgow-G31 1AA",""
"104 Bellgrove street-Glasgow-G31 1AA",""
"104 Bellgrove street-Glasgow-G31 1AA",""
"104 Bellgrove street-Glasgow-G31 1AA",""
"104 Bellgrove street-Glasgow-G31 1AA",""
"104 Bellgrove street-Glasgow-G31 1AA","01415549008"
"104 Bellgrove street-Glasgow-G31 1AA","01415549008"
"104 Bellgrove street-Glasgow-G31 1AA","01415549008"
"125 West regent street-Glasgow-K12 2AS",""
"125 West regent street-Glasgow-K12 2AS",""
"125 West regent street-Glasgow-K12 2AS",""
"125 West regent street-Glasgow-K12 2AS",""
"125 West regent street-Glasgow-K12 2AS",""
"125 West regent street-Glasgow-K12 2AS",""
"125 West regent street-Glasgow-K12 2AS","01416598231"
"125 West regent street-Glasgow-K12 2AS","01416598231"
"125 West regent street-Glasgow-K12 2AS","01416598231"
"125 West regent street-Glasgow-K12 2AS",""
"125 West regent street-Glasgow-K12 2AS",""
"125 West regent street-Glasgow-K12 2AS",""
"125 West regent street-Glasgow-K12 2AS","01415647236"
"125 West regent street-Glasgow-K12 2AS","01415647236"
"125 West regent street-Glasgow-K12 2AS","01415647236"
"22 otrgo lane-Glasgow-G128PB","01412269959"
"22 otrgo lane-Glasgow-G128PB","01412269959"
"22 otrgo lane-Glasgow-G128PB","01412269959"
"22 otrgo lane-Glasgow-G128PB",""
"22 otrgo lane-Glasgow-G128PB",""
"22 otrgo lane-Glasgow-G128PB",""
"22 otrgo lane-Glasgow-G128PB","01236449901"
"22 otrgo lane-Glasgow-G128PB","01236449901"
"22 otrgo lane-Glasgow-G128PB","01236449901"
"22 otrgo lane-Glasgow-G128PB","01236449901"
"22 otrgo lane-Glasgow-G128PB","01236449901"
"22 otrgo lane-Glasgow-G128PB","01236449901"
"22 otrgo lane-Glasgow-G128PB","01415549008"
"22 otrgo lane-Glasgow-G128PB","01415549008"
"22 otrgo lane-Glasgow-G128PB","01415549008"
"34 Downaldswood pk paisly","01415549008"
"34 Downaldswood pk paisly","01415549008"
"34 Downaldswood pk paisly","01415549008"
"34 Downaldswood pk paisly","01236449901"
"34 Downaldswood pk paisly","01236449901"
"34 Downaldswood pk paisly","01236449901"
"34 Downaldswood pk paisly","01415647236"
"34 Downaldswood pk paisly","01415647236"
"34 Downaldswood pk paisly","01415647236"
"34 Downaldswood pk paisly","01292477619"
"34 Downaldswood pk paisly","01292477619"
"34 Downaldswood pk paisly","01292477619"
"34 Downaldswood pk paisly","01416391190"
"34 Downaldswood pk paisly","01416391190"
"34 Downaldswood pk paisly","01416391190"
"34 Downaldswood pk paisly","01292477619"
"34 Downaldswood pk paisly","01292477619"
"34 Downaldswood pk paisly","01292477619"
"66 Ainfdwalkinshaw rd rainfrew PA4 9LP","01415647236"
"66 Ainfdwalkinshaw rd rainfrew PA4 9LP","01415647236"
"66 Ainfdwalkinshaw rd rainfrew PA4 9LP","01415647236"
"66 Ainfdwalkinshaw rd rainfrew PA4 9LP","01415647236"
"66 Ainfdwalkinshaw rd rainfrew PA4 9LP","01415647236"
"66 Ainfdwalkinshaw rd rainfrew PA4 9LP","01415647236"
"66 Ainfdwalkinshaw rd rainfrew PA4 9LP",""
"66 Ainfdwalkinshaw rd rainfrew PA4 9LP",""
"66 Ainfdwalkinshaw rd rainfrew PA4 9LP",""
"66 Ainfdwalkinshaw rd rainfrew PA4 9LP","01412269959"
"66 Ainfdwalkinshaw rd rainfrew PA4 9LP","01412269959"
"66 Ainfdwalkinshaw rd rainfrew PA4 9LP","01412269959"
"66 Ainfdwalkinshaw rd rainfrew PA4 9LP","01412269959"
"66 Ainfdwalkinshaw rd rainfrew PA4 9LP","01412269959"
"66 Ainfdwalkinshaw rd rainfrew PA4 9LP","01412269959"
"",""
"",""
"",""
"","01415647236"
"","01415647236"
"","01415647236"
"",""
"",""
"",""
"","01416391190"
"","01416391190"
"","01416391190"
"25 Berkely street-Glasgow G37AW","01416391190"
"25 Berkely street-Glasgow G37AW","01416391190"
"25 Berkely street-Glasgow G37AW","01416391190"
"25 Berkely street-Glasgow G37AW","01412269959"
"25 Berkely street-Glasgow G37AW","01412269959"
"25 Berkely street-Glasgow G37AW","01412269959"
"25 Berkely street-Glasgow G37AW","01416391190"
"25 Berkely street-Glasgow G37AW","01416391190"
"25 Berkely street-Glasgow G37AW","01416391190"
"25 Berkely street-Glasgow G37AW",""
"25 Berkely street-Glasgow G37AW",""
"25 Berkely street-Glasgow G37AW",""
"25 Berkely street-Glasgow G37AW","01236449901"
"25 Berkely street-Glasgow G37AW","01236449901"
"25 Berkely street-Glasgow G37AW","01236449901"
"25 Berkely street-Glasgow G37AW","01292477619"
"25 Berkely street-Glasgow G37AW","01292477619"
"25 Berkely street-Glasgow G37AW","01292477619"
"25 Berkely street-Glasgow G37AW","01415549008"
"25 Berkely street-Glasgow G37AW","01415549008"
"25 Berkely street-Glasgow G37AW","01415549008"
"25 Berkely street-Glasgow G37AW","01292477619"
"25 Berkely street-Glasgow G37AW","01292477619"
"25 Berkely street-Glasgow G37AW","01292477619"
"25 Berkely street-Glasgow G37AW","01415647236"
"25 Berkely street-Glasgow G37AW","01415647236"
"25 Berkely street-Glasgow G37AW","01415647236"
"25 Berkely street-Glasgow G37AW","01416598231"
"25 Berkely street-Glasgow G37AW","01416598231"
"25 Berkely street-Glasgow G37AW","01416598231"
"25 Berkely street-Glasgow G37AW","01416391190"
"25 Berkely street-Glasgow G37AW","01416391190"
"25 Berkely street-Glasgow G37AW","01416391190"
"5 city center street- Edinburgh E675R",""
"5 city center street- Edinburgh E675R",""
"5 city center street- Edinburgh E675R",""
"5 city center street- Edinburgh E675R",""
"5 city center street- Edinburgh E675R",""
"5 city center street- Edinburgh E675R",""
"5 city center street- Edinburgh E675R",""
"5 city center street- Edinburgh E675R",""
"5 city center street- Edinburgh E675R",""
"5 city center street- Edinburgh E675R",""
"5 city center street- Edinburgh E675R",""
"5 city center street- Edinburgh E675R",""
"5 city center street- Edinburgh E675R",""
"5 city center street- Edinburgh E675R",""
"5 city center street- Edinburgh E675R",""
"3 Kyle road -Irvine KA12 8JF","01412269959"
"3 Kyle road -Irvine KA12 8JF","01412269959"
"3 Kyle road -Irvine KA12 8JF","01412269959"
"3 Kyle road -Irvine KA12 8JF",""
"3 Kyle road -Irvine KA12 8JF",""
"3 Kyle road -Irvine KA12 8JF",""
"3 Kyle road -Irvine KA12 8JF","01415647236"
"3 Kyle road -Irvine KA12 8JF","01415647236"
"3 Kyle road -Irvine KA12 8JF","01415647236"
"3 Kyle road -Irvine KA12 8JF","01416391190"
"3 Kyle road -Irvine KA12 8JF","01416391190"
"3 Kyle road -Irvine KA12 8JF","01416391190"
"3 Kyle road -Irvine KA12 8JF","01415549008"
"3 Kyle road -Irvine KA12 8JF","01415549008"
"3 Kyle road -Irvine KA12 8JF","01415549008"
"3 Kyle road -Irvine KA12 8JF","01416391190"
"3 Kyle road -Irvine KA12 8JF","01416391190"
"3 Kyle road -Irvine KA12 8JF","01416391190"
"3 Kyle road -Irvine KA12 8JF",""
"3 Kyle road -Irvine KA12 8JF",""
"3 Kyle road -Irvine KA12 8JF",""
"3 Kyle road -Irvine KA12 8JF",""
"3 Kyle road -Irvine KA12 8JF",""
"3 Kyle road -Irvine KA12 8JF",""
"3 Kyle road -Irvine KA12 8JF",""
"3 Kyle road -Irvine KA12 8JF",""
"3 Kyle road -Irvine KA12 8JF",""
"","01236449901"
"","01236449901"
"","01236449901"
"","01415647236"
"","01415647236"
"","01415647236"
"","01292477619"
"","01292477619"
"","01292477619"
"","01412269959"
"","01412269959"
"","01412269959"
"",""
"",""
"",""
"","01415549008"
"","01415549008"
"","01415549008"
"","01416598231"
"","01416598231"
"","01416598231"
"",""
"",""
"",""
